{"cameraMode":{"drawMode":0,"name":"Shaded","section":"Shading Mode"},"sceneLighting":false,"audioPlay":false,"sceneViewState":{"showFog":true,"showMaterialUpdate":false,"showSkybox":true,"showFlares":true,"showImageEffects":true,"showParticleSystems":true},"in2DMode":false,"pivot":{"x":-10.950583457946778,"y":-5.919703006744385,"z":-14.31434440612793},"rotation":{"x":0.15591193735599519,"y":-0.7338483929634094,"z":0.17982593178749085,"w":0.6362596154212952},"size":35.70362854003906,"orthographic":false}