{"cameraMode":{"drawMode":0,"name":"Shaded","section":"Shading Mode"},"sceneLighting":false,"audioPlay":false,"sceneViewState":{"showFog":true,"showMaterialUpdate":false,"showSkybox":true,"showFlares":true,"showImageEffects":true,"showParticleSystems":true},"in2DMode":false,"pivot":{"x":-10.950583457946778,"y":-5.919703006744385,"z":-14.31434440612793},"rotation":{"x":0.1965782195329666,"y":-0.5330785512924194,"z":0.1289343535900116,"w":0.8127545714378357},"size":14.980387687683106,"orthographic":false}