{"cameraMode":{"drawMode":2,"name":"Shaded Wireframe","section":"Shading Mode"},"sceneLighting":false,"audioPlay":false,"sceneViewState":{"showFog":true,"showMaterialUpdate":false,"showSkybox":true,"showFlares":true,"showImageEffects":true,"showParticleSystems":true},"in2DMode":false,"pivot":{"x":564.42626953125,"y":370.7969970703125,"z":-69.64215087890625},"rotation":{"x":0.059672627598047259,"y":0.09834703058004379,"z":-0.005913572385907173,"w":0.9933544993400574},"size":389.92291259765627,"orthographic":false}