{"cameraMode":{"drawMode":2,"name":"Shaded Wireframe","section":"Shading Mode"},"sceneLighting":false,"audioPlay":false,"sceneViewState":{"showFog":true,"showMaterialUpdate":false,"showSkybox":false,"showFlares":true,"showImageEffects":true,"showParticleSystems":true},"in2DMode":false,"pivot":{"x":-6.733285903930664,"y":1.3499999046325684,"z":-0.6178101301193237},"rotation":{"x":0.15240433812141419,"y":0.004133902490139008,"z":-0.000643562525510788,"w":0.9883201122283936},"size":1.4231979846954346,"orthographic":false}