{"cameraMode":{"drawMode":2,"name":"Shaded Wireframe","section":"Shading Mode"},"sceneLighting":false,"audioPlay":false,"sceneViewState":{"showFog":true,"showMaterialUpdate":false,"showSkybox":true,"showFlares":true,"showImageEffects":true,"showParticleSystems":true},"in2DMode":false,"pivot":{"x":255.33590698242188,"y":343.43310546875,"z":-11.19866943359375},"rotation":{"x":0.15240433812141419,"y":0.004133902490139008,"z":-0.000643562525510788,"w":0.9883201122283936},"size":389.92291259765627,"orthographic":false}