{"cameraMode":{"drawMode":0,"name":"Shaded","section":"Shading Mode"},"sceneLighting":false,"audioPlay":false,"sceneViewState":{"showFog":true,"showMaterialUpdate":false,"showSkybox":true,"showFlares":true,"showImageEffects":true,"showParticleSystems":true},"in2DMode":false,"pivot":{"x":0.17600037157535554,"y":1.596000075340271,"z":-0.9350003004074097},"rotation":{"x":0.1199469193816185,"y":-0.1424451470375061,"z":0.017392706125974656,"w":0.9823548197746277},"size":20.1655330657959,"orthographic":false}