{"cameraMode":{"drawMode":0,"name":"Shaded","section":"Shading Mode"},"sceneLighting":false,"audioPlay":false,"sceneViewState":{"showFog":true,"showMaterialUpdate":false,"showSkybox":true,"showFlares":true,"showImageEffects":true,"showParticleSystems":true},"in2DMode":false,"pivot":{"x":0.3062448501586914,"y":1.6718158721923829,"z":0.5599689483642578},"rotation":{"x":0.07783106714487076,"y":0.9150167107582092,"z":-0.21376332640647889,"w":0.33316242694854739},"size":12.60169506072998,"orthographic":false}