{"cameraMode":{"drawMode":2,"name":"Shaded Wireframe","section":"Shading Mode"},"sceneLighting":false,"audioPlay":false,"sceneViewState":{"showFog":true,"showMaterialUpdate":false,"showSkybox":true,"showFlares":true,"showImageEffects":true,"showParticleSystems":true},"in2DMode":false,"pivot":{"x":-19.7034854888916,"y":18.10977554321289,"z":-28.063968658447267},"rotation":{"x":0.19909919798374177,"y":0.3615628480911255,"z":-0.07934324443340302,"w":0.9073895215988159},"size":2.171196699142456,"orthographic":false}