{"cameraMode":{"drawMode":0,"name":"Shaded","section":"Shading Mode"},"sceneLighting":false,"audioPlay":false,"sceneViewState":{"showFog":true,"showMaterialUpdate":false,"showSkybox":false,"showFlares":true,"showImageEffects":true,"showParticleSystems":true},"in2DMode":false,"pivot":{"x":-6.744741439819336,"y":1.3499999046325684,"z":-0.6843280792236328},"rotation":{"x":0.1199469193816185,"y":-0.1424451470375061,"z":0.017392706125974656,"w":0.9823548197746277},"size":1.4674947261810303,"orthographic":true}