{"cameraMode":{"drawMode":2,"name":"Shaded Wireframe","section":"Shading Mode"},"sceneLighting":false,"audioPlay":false,"sceneViewState":{"showFog":true,"showMaterialUpdate":false,"showSkybox":false,"showFlares":true,"showImageEffects":true,"showParticleSystems":true},"in2DMode":false,"pivot":{"x":-6.733285903930664,"y":1.3499999046325684,"z":-0.6178101301193237},"rotation":{"x":0.16674737632274629,"y":0.33808401226997378,"z":-0.06100314110517502,"w":0.9242264032363892},"size":1.4231979846954346,"orthographic":false}