{"cameraMode":{"drawMode":0,"name":"Shaded","section":"Shading Mode"},"sceneLighting":false,"audioPlay":false,"sceneViewState":{"showFog":true,"showMaterialUpdate":false,"showSkybox":true,"showFlares":true,"showImageEffects":true,"showParticleSystems":true},"in2DMode":false,"pivot":{"x":4.170756816864014,"y":2.5902395248413088,"z":-10.649675369262696},"rotation":{"x":-0.3924379050731659,"y":0.23736263811588288,"z":-0.105572909116745,"w":-0.8823302388191223},"size":4.335742473602295,"orthographic":false}