{"cameraMode":{"drawMode":2,"name":"Shaded Wireframe","section":"Shading Mode"},"sceneLighting":false,"audioPlay":false,"sceneViewState":{"showFog":true,"showMaterialUpdate":false,"showSkybox":true,"showFlares":true,"showImageEffects":true,"showParticleSystems":true},"in2DMode":false,"pivot":{"x":2.8791894912719728,"y":3.4020121097564699,"z":-5.671989917755127},"rotation":{"x":-0.025172898545861245,"y":-0.8597239255905151,"z":0.04259892925620079,"w":-0.5083819627761841},"size":6.496068477630615,"orthographic":false}