{"cameraMode":{"drawMode":0,"name":"Shaded","section":"Shading Mode"},"sceneLighting":false,"audioPlay":false,"sceneViewState":{"showFog":true,"showMaterialUpdate":false,"showSkybox":true,"showFlares":true,"showImageEffects":true,"showParticleSystems":true},"in2DMode":false,"pivot":{"x":-13.565298080444336,"y":-7.861118793487549,"z":-22.0446720123291},"rotation":{"x":0.031833186745643619,"y":-0.9675212502479553,"z":0.1944240778684616,"w":0.15841330587863923},"size":16.20602035522461,"orthographic":false}